Zac -- zadbcsnavfdk@nsdjakfbal
Zac -- bsdhkdsbk@dsnjkfs.com
Richard Solomou -- richard.solomou@port.ac.uk
John0 -- john0@bigboy.com
3 -- sdajbd@
todd -- todd_perry@xyratex.com
deved -- david.williams1@port.ac.uk
david willy -- david.williams1@port.ac.uk
get back to work -- @
ebrahim -- icp00115@myport.ac.uk
Dan Parrish -- UP686404@myport.ac.uk
iAN -- IAN.R.WARD92@GMAIL.COM
lewis tucker -- ltucker_@live.co.uk
Matt Edghill -- matt.edghill@btinternet.com
bitch -- hjamsd@
brandon ridgwell -- brandon.r@hotmail.co.uk
Aaron Godson -- godson.aaron@gmail.com
Jordan Lim -- llkc6b@icloud.com
HO KIAN SHIN -- kianshin_92@hotmail.com
tronic tronic tronic -- tronic@tronic.tron.ic
email, email, email -- @
Dan -- lordsquish@hotmail.co.uk
ryan -- barenoizedub@live.co.uk
sam thomas -- samuelthomas.thomas@gmail.com
Daniel harryman -- ece00344@myport.ac.uk
Tomasz Szelachowski -- up694239@myport.ac.uk
james hopkinson -- jameshopkinson123@hotmail.com
waqar ahmed -- waqar.ahmed@myport.ac.uk
Richard Graham -- UP628887@myport.ac.uk
Edd -- edd@slipszenko.net
Ben McQueen -- ben@bmcq.co.uk
Patryk Maron -- patrykmaron@live.com
yahya -- ysalqahtani@yahoo.com
Sam -- up704333@myport.ac.uk
abraheem alsaeed -- abraheemalsaeed@gmail.com
Franki Golding -- franchygolding@hotmail.co.uk
peter yeboah -- pierroo007@yahoo.com
Binay Limbu -- binaylimbu@hotmail.com
Ethan Sines -- grey.lynx.studios.admin@gmail.com
henry -- zzl80461174@126.com
beki -- @
Jan -- j.matlocha@gmail.com
richardolios -- rich.solomou@port.ac.uk
chris howell -- chris.l.howell64@gmail.com
Janusz Bartkow -- janusz.bartkow@gmail.com
Michal -- kimle.michal@gmail.com
Anna -- anna.godusova@gmail.com
i am the ghosts of zacs computer -- poo@regex,comns.
Saadi -- saadiqbal@hotmail.com
what is the meaning of life computer? -- @@@@
L0 Janus -- uopcs@lojanus.com
Lo -- up715773@myport.ac.uk
Adam -- adam-kenyon@live.co.uk
Jay -- Adventeclipse@gmail.com
Ade -- dmola@hotmail.com
Martin Ellis -- mellis93@live.co.uk
andrew ip -- onchunandrew@hotmail.com
Eddy McKnight -- edward.mcknight@myport.ac.uk
jo -- jozefstodulski@gmail.com
Priyank -- priyankmandalia@gmail.com
vishnu nj -- vishnunjhere@gmail.com
beki -- up610982@myport.ac.uk
Charley Micu -- charleymicu@gmail.com
danjthorne@hotmail.co.uk -- @
Lewri -- up612058@myport.ac.uk
ben dover -- bendover@bent.co.uk
Adriano Cantao -- adriano.cantao@gmail.com

